{"cameraMode":{"drawMode":0,"name":"Shaded","section":"Shading Mode"},"sceneLighting":true,"audioPlay":false,"sceneViewState":{"showFog":true,"showMaterialUpdate":true,"showSkybox":true,"showFlares":true,"showImageEffects":true,"showParticleSystems":true},"in2DMode":false,"pivot":{"x":-9.800102233886719,"y":1.2344698905944825,"z":-5.897212982177734},"rotation":{"x":-0.0055900998413562778,"y":-0.9683933854103088,"z":0.021792519837617875,"w":-0.2484084516763687},"size":26.636564254760743,"orthographic":false}