{"cameraMode":{"drawMode":0,"name":"Shaded","section":"Shading Mode"},"sceneLighting":true,"audioPlay":false,"sceneViewState":{"showFog":true,"showMaterialUpdate":true,"showSkybox":true,"showFlares":true,"showImageEffects":true,"showParticleSystems":true},"in2DMode":false,"pivot":{"x":-47.754859924316409,"y":0.2032785415649414,"z":-9.775199890136719},"rotation":{"x":0.004861981142312288,"y":-0.9885439276695252,"z":0.032633792608976367,"w":0.14727911353111268},"size":24.590476989746095,"orthographic":false}