{"cameraMode":{"drawMode":0,"name":"Shaded","section":"Shading Mode"},"sceneLighting":true,"audioPlay":false,"sceneViewState":{"showFog":true,"showMaterialUpdate":true,"showSkybox":true,"showFlares":true,"showImageEffects":true,"showParticleSystems":true},"in2DMode":false,"pivot":{"x":11.23018741607666,"y":0.31842494010925295,"z":8.81299877166748},"rotation":{"x":-0.04203934967517853,"y":-0.4261022210121155,"z":0.01983286812901497,"w":-0.9034702181816101},"size":8.320526123046875,"orthographic":false}