{"cameraMode":{"drawMode":0,"name":"Shaded","section":"Shading Mode"},"sceneLighting":false,"audioPlay":false,"sceneViewState":{"showFog":true,"showMaterialUpdate":true,"showSkybox":false,"showFlares":true,"showImageEffects":true,"showParticleSystems":true},"in2DMode":false,"pivot":{"x":0.0,"y":1.0999999046325684,"z":-0.050000011920928958},"rotation":{"x":-0.0055900998413562778,"y":-0.9683933854103088,"z":0.021792519837617875,"w":-0.2484084516763687},"size":1.2459934949874879,"orthographic":false}