{"cameraMode":{"drawMode":0,"name":"Shaded","section":"Shading Mode"},"sceneLighting":false,"audioPlay":false,"sceneViewState":{"showFog":true,"showMaterialUpdate":true,"showSkybox":false,"showFlares":true,"showImageEffects":true,"showParticleSystems":true},"in2DMode":false,"pivot":{"x":0.3799999952316284,"y":-0.3525000214576721,"z":0.7649999856948853},"rotation":{"x":-0.04203934967517853,"y":-0.4261022210121155,"z":0.01983286812901497,"w":-0.9034702181816101},"size":0.3271467685699463,"orthographic":false}