{"cameraMode":{"drawMode":0,"name":"Shaded","section":"Shading Mode"},"sceneLighting":false,"audioPlay":false,"sceneViewState":{"showFog":true,"showMaterialUpdate":true,"showSkybox":false,"showFlares":true,"showImageEffects":true,"showParticleSystems":true},"in2DMode":false,"pivot":{"x":3.250187397003174,"y":4.44842529296875,"z":3.1329989433288576},"rotation":{"x":-0.35710620880126955,"y":-0.38229697942733767,"z":0.16321216523647309,"w":-0.8364613056182861},"size":0.3535533845424652,"orthographic":false}