{"cameraMode":{"drawMode":0,"name":"Shaded","section":"Shading Mode"},"sceneLighting":true,"audioPlay":false,"sceneViewState":{"showFog":true,"showMaterialUpdate":true,"showSkybox":true,"showFlares":true,"showImageEffects":true,"showParticleSystems":true},"in2DMode":false,"pivot":{"x":14.356473922729493,"y":-0.32595109939575198,"z":3.1614670753479006},"rotation":{"x":-0.055215295404195788,"y":-0.5729418992996216,"z":0.03873652592301369,"w":-0.8168049454689026},"size":10.064177513122559,"orthographic":false}